{"name":"a0318596-cb73-4fec-b31e-7aee5605ef52","id":"/providers/Microsoft.Flow/flows/a0318596-cb73-4fec-b31e-7aee5605ef52","type":"Microsoft.Flow/flows","properties":{"apiId":"/providers/Microsoft.PowerApps/apis/shared_logicflows","displayName":"Sessionise - Plant a Tree - Share","definition":{"metadata":{"workflowEntityId":null,"processAdvisorMetadata":null,"flowclientsuspensionreason":"None","flowclientsuspensiontime":null,"creator":{"id":"8c1831a8-fbd3-4ed5-b11b-483838367603","type":"User","tenantId":"a405b7dc-76be-4f6a-a842-955f091f0eed"},"provisioningMethod":"FromDefinition","failureAlertSubscription":true,"clientLastModifiedTime":"2022-01-28T16:51:21.5304893Z"},"$schema":"https://schema.management.azure.com/providers/Microsoft.Logic/schemas/2016-06-01/workflowdefinition.json#","contentVersion":"1.0.0.0","parameters":{"$connections":{"defaultValue":{},"type":"Object"},"$authentication":{"defaultValue":{},"type":"SecureObject"}},"triggers":{"When_a_new_email_arrives_(V3)":{"splitOn":"@triggerOutputs()?['body/value']","metadata":{"operationMetadataId":"0463f716-eee2-468b-963f-f5aa69bbd2fd"},"type":"OpenApiConnectionNotification","inputs":{"host":{"apiId":"/providers/Microsoft.PowerApps/apis/shared_office365","connectionName":"shared_office365","operationId":"OnNewEmailV3"},"parameters":{"folderPath":"Inbox","from":"Test@email.com","includeAttachments":false,"subjectFilter":"New submission:","importance":"Any","fetchOnlyWithAttachment":false},"authentication":"@parameters('$authentication')"}}},"actions":{"HTTP":{"runAfter":{"Var_apiBody":["Succeeded"]},"metadata":{"operationMetadataId":"295a15b3-7008-45cf-a376-8c35316fcdb0"},"type":"Http","inputs":{"method":"POST","uri":"https://tree-nation.com/api/plant","headers":{"Content-Type":"application/json","Authorization":"Bearer 12345"},"body":"@variables('varApiBody')"}},"EmailBodyPlain":{"runAfter":{},"metadata":{"operationMetadataId":"429c5e23-8100-46eb-98a0-99e9e9d1e1de"},"type":"OpenApiConnection","inputs":{"host":{"apiId":"/providers/Microsoft.PowerApps/apis/shared_conversionservice","connectionName":"shared_conversionservice","operationId":"HtmlToText"},"parameters":{"Content":"<p>@{triggerOutputs()?['body/body']}</p>"},"authentication":"@parameters('$authentication')"}},"Find_End_of_Name_Position":{"runAfter":{"EmailBodyPlain":["Succeeded"]},"metadata":{"operationMetadataId":"08eb7e4f-9475-4c61-9fb4-19c95a652ec1"},"type":"Expression","kind":"IndexOf","inputs":{"text":"@body('EmailBodyPlain')","searchText":"has submitted"}},"var_Submitter":{"runAfter":{"Var_Email_Body_Plain":["Succeeded"]},"metadata":{"operationMetadataId":"97c74da2-a4f6-474a-85fd-d551c52118fa"},"type":"InitializeVariable","inputs":{"variables":[{"name":"varSubmitter","type":"string","value":"@{substring(variables('varEmailBodyPlain'),0,variables('varEndOfNamePosition'))}"}]}},"Var_End_of_Name_Position":{"runAfter":{"Find_End_of_Name_Position":["Succeeded"]},"metadata":{"operationMetadataId":"3964c641-2aab-48b0-85f0-62467c9426db"},"type":"InitializeVariable","inputs":{"variables":[{"name":"varEndOfNamePosition","type":"integer","value":"@body('Find_End_of_Name_Position')"}]}},"Var_Email_Body_Plain":{"runAfter":{"Var_End_of_Name_Position":["Succeeded"]},"metadata":{"operationMetadataId":"9f2a4cc1-3900-4e45-911f-dddb5bf06247"},"type":"InitializeVariable","inputs":{"variables":[{"name":"varEmailBodyPlain","type":"string","value":"@body('EmailBodyPlain')"}]}},"Var_apiBody":{"runAfter":{"var_Submitter":["Succeeded"]},"metadata":{"operationMetadataId":"b1dc7309-08b9-4326-a104-f470e6d7ed68"},"type":"InitializeVariable","inputs":{"variables":[{"name":"varApiBody","type":"string","value":"{\n\t\"recipients\": [\n\t\t{\n\t\t\t\"name\": \"Name\",\n\t\t\t\"email\": \"email\"\n\t\t}\n\t],\n\t\"planter_id\": 123456,\n\t\"species_id\": 727,\n\t\"quantity\": 1,\n\"message\": \"Thank you @{variables('varSubmitter')} for your submission\"\n}\n"}]}}}},"connectionReferences":{"shared_conversionservice":{"connectionName":"shared-conversionser-c42ceafb-9081-4b3a-824d-1200-1696be31","source":"Embedded","id":"/providers/Microsoft.PowerApps/apis/shared_conversionservice","tier":"NotSpecified"},"shared_office365":{"connectionName":"shared-office365-bbfe97ce-fcaa-471f-93c2-06ec7a3877d0","source":"Embedded","id":"/providers/Microsoft.PowerApps/apis/shared_office365","tier":"NotSpecified"}},"flowFailureAlertSubscribed":false}}